id,author,date_post,email,title,text
1,autor test,2020-12-11,test@mail.com,titulo test,test test
2,Logan (Wolverine),2020-12-11,logan@mail.com,Novo posta para a galera do linkedin,Dizem que o inferno existe e é um lugar onde seus piores pesadelos se repetem sem parar. Mas muitos não precisam morrer para chegar lá.
3,Tony Stark (Homem de Ferro),2020-12-11,tony@mail.com,Fala galerinha,As vezes é preciso aprender a correr antes de começar a andar.
4,test_author,test_date_post,test_email,test_title,test_text
5,test_author,test_date_post,test_email,test_title,test_text
6,test_author,test_date_post,test_email,test_title,test_text
7,test_author,test_date_post,test_email,test_title,test_text
8,test_author,test_date_post,test_email,test_title,test_text
9,test_author,test_date_post,test_email,test_title,test_text
